{"css":"","framework":"duck-10.1.1","title":"Aide Dictionnaire","build_id":"57928649680ce2da44c247a1","quick_links":[],"icon":"..\/SharedGlobalArt\/AppIconDefault_Dictionary.png","sections":{},"birdseed_version":5,"toc":[],"locale":"fr","version":"10.12","source_schema":"apd-schema","enable_tracking":false,"platform":"mac","build_date":"2016.07.22-13:19:23","landing":"dic34880","product":"dictionary","urls":{},"copyright":"","show_previous_next":false,"topics":{"dic34880":{"searchName":"Obtenir des définitions de mots en utilisant Dictionnaire","categories":["landing"],"name":"Obtenir les définitions des mots","href":"dic34880.html","summary":"Utilisez l’app Dictionnaire pour obtenir des définitions de mots provenant de différentes sources."}},"copyright_text":"Copyright © 2016 Apple Inc. Tous droits réservés."}