{"css":"","framework":"duck-10.1.1","title":"Ajuda Diccionari","build_id":"57928653680ce2da44c2482d","quick_links":[],"icon":"..\/SharedGlobalArt\/AppIconDefault_Dictionary.png","sections":{},"birdseed_version":5,"toc":[],"locale":"ca","version":"10.12","source_schema":"apd-schema","enable_tracking":false,"platform":"mac","build_date":"2016.07.22-14:25:37","landing":"dic34880","product":"dictionary","urls":{},"copyright":"","show_previous_next":false,"topics":{"dic34880":{"searchName":"Obtenir definicions de paraules utilitzant el Diccionari","categories":["landing"],"name":"Obtenir definicions de paraules","href":"dic34880.html","summary":"Utilitzeu l’aplicació Diccionari per obtenir definicions de paraules a partir de diverses fonts."}},"copyright_text":"Copyright © 2016 Apple Inc. Tots els drets reservats."}