{"css":"","framework":"duck-10.1.1","title":"Ordbok Hjälp","build_id":"5792864b680ce2da44c247bd","quick_links":[],"icon":"..\/SharedGlobalArt\/AppIconDefault_Dictionary.png","sections":{},"birdseed_version":5,"toc":[],"locale":"sv","version":"10.12","source_schema":"apd-schema","enable_tracking":false,"platform":"mac","build_date":"2016.07.22-14:09:28","landing":"dic34880","product":"dictionary","urls":{},"copyright":"","show_previous_next":false,"topics":{"dic34880":{"searchName":"Visa definitioner av ord med hjälp av Ordbok","categories":["landing"],"name":"Skaffa definitioner på ord","href":"dic34880.html","summary":"Använd programmet Ordbok till att skaffa definitioner på ord från olika källor."}},"copyright_text":"Copyright © 2016 Apple Inc. Alla rättigheter förbehålls."}