{"css":"","framework":"duck-10.1.1","title":"Ayuda de Diccionario","build_id":"57928647680ce2da44c2477e","quick_links":[],"icon":"..\/SharedGlobalArt\/AppIconDefault_Dictionary.png","sections":{},"birdseed_version":5,"toc":[],"locale":"es-mx","version":"10.12","source_schema":"apd-schema","enable_tracking":false,"platform":"mac","build_date":"2016.07.22-14:02:49","landing":"dic34880","product":"dictionary","urls":{},"copyright":"","show_previous_next":false,"topics":{"dic34880":{"searchName":"Obtener definiciones de palabras con Diccionario","categories":["landing"],"name":"Obtener definiciones de palabras","href":"dic34880.html","summary":"Use la app Diccionario para obtener definiciones de palabras de varias fuentes."}},"copyright_text":"Copyright © 2016 Apple Inc. Todos los derechos reservados."}