{"css":"","framework":"duck-10.1.1","title":"Справка Словаря","build_id":"5792864b680ce2da44c247b6","quick_links":[],"icon":"..\/SharedGlobalArt\/AppIconDefault_Dictionary.png","sections":{},"birdseed_version":5,"toc":[],"locale":"ru","version":"10.12","source_schema":"apd-schema","enable_tracking":false,"platform":"mac","build_date":"2016.07.22-14:15:41","landing":"dic34880","product":"dictionary","urls":{},"copyright":"","show_previous_next":false,"topics":{"dic34880":{"searchName":"Поиск определений слов в программе «Словарь»","categories":["landing"],"name":"Поиск определений слов","href":"dic34880.html","summary":"С помощью Словаря можно искать определения слов в различных источниках."}},"copyright_text":"Copyright © 2016 Apple Inc. Все права защищены."}