{"css":"","framework":"duck-10.1.1","title":"Nápověda pro Slovník","build_id":"57928646680ce2da44c24770","quick_links":[],"icon":"..\/SharedGlobalArt\/AppIconDefault_Dictionary.png","sections":{},"birdseed_version":5,"toc":[],"locale":"cs","version":"10.12","source_schema":"apd-schema","enable_tracking":false,"platform":"mac","build_date":"2016.07.22-14:00:30","landing":"dic34880","product":"dictionary","urls":{},"copyright":"","show_previous_next":false,"topics":{"dic34880":{"searchName":"Zobrazení definicí slov pomocí Slovníku","categories":["landing"],"name":"Zobrazení definicí slov","href":"dic34880.html","summary":"Aplikace Slovník slouží k zobrazování definicí slov z různých zdrojů."}},"copyright_text":"Copyright © 2016 Apple Inc. Všechna práva vyhrazena."}