{"css":"","framework":"duck-10.1.1","title":"Sözlük Yardım","build_id":"57928645680ce2da44c2475b","quick_links":[],"icon":"..\/SharedGlobalArt\/AppIconDefault_Dictionary.png","sections":{},"birdseed_version":5,"toc":[],"locale":"tr","version":"10.12","source_schema":"apd-schema","enable_tracking":false,"platform":"mac","build_date":"2016.07.22-14:05:46","landing":"dic34880","product":"dictionary","urls":{},"copyright":"","show_previous_next":false,"topics":{"dic34880":{"searchName":"Sözlük kullanarak kelimelerin tanımlarını alma","categories":["landing"],"name":"Sözcüklerini tanımını alma","href":"dic34880.html","summary":"Farklı kaynaklardan sözcüklerin tanımlarını almak için Sözlük uygulamasını kullanın."}},"copyright_text":"Copyright © 2016 Apple Inc. Tüm hakları saklıdır."}