{"css":"","framework":"duck-10.1.1","title":"词典帮助","build_id":"5792864d680ce2da44c247d9","quick_links":[],"icon":"..\/SharedGlobalArt\/AppIconDefault_Dictionary.png","sections":{},"birdseed_version":5,"toc":[],"locale":"zh-cn","version":"10.12","source_schema":"apd-schema","enable_tracking":false,"platform":"mac","build_date":"2016.07.22-14:19:28","landing":"dic34880","product":"dictionary","urls":{},"copyright":"","show_previous_next":false,"topics":{"dic34880":{"searchName":"使用“词典”获取字词定义","categories":["landing"],"name":"获取词语定义","href":"dic34880.html","summary":"使用“词典”应用从不同来源获取词语的定义。"}},"copyright_text":"Copyright © 2016 Apple Inc. 保留一切权利。"}