{"css":"","framework":"duck-10.1.1","title":"Βοήθεια για το Λεξικό","build_id":"57928652680ce2da44c24826","quick_links":[],"icon":"..\/SharedGlobalArt\/AppIconDefault_Dictionary.png","sections":{},"birdseed_version":5,"toc":[],"locale":"el","version":"10.12","source_schema":"apd-schema","enable_tracking":false,"platform":"mac","build_date":"2016.07.22-13:30:14","landing":"dic34880","product":"dictionary","urls":{},"copyright":"","show_previous_next":false,"topics":{"dic34880":{"searchName":"Λήψη ορισμών λέξεων χρησιμοποιώντας το Λεξικό","categories":["landing"],"name":"Λήψη ορισμών λέξεων","href":"dic34880.html","summary":"Χρησιμοποιήστε την εφαρμογή «Λεξικό» για να λάβετε ορισμούς λέξεων από διάφορες πηγές."}},"copyright_text":"Copyright © 2016 Apple Inc. Με επιφύλαξη κάθε δικαιώματος."}