{"css":"","framework":"duck-10.1.1","title":"Hjelp for Ordbok","build_id":"57928644680ce2da44c2474d","quick_links":[],"icon":"..\/SharedGlobalArt\/AppIconDefault_Dictionary.png","sections":{},"birdseed_version":5,"toc":[],"locale":"nb","version":"10.12","source_schema":"apd-schema","enable_tracking":false,"platform":"mac","build_date":"2016.07.22-14:09:30","landing":"dic34880","product":"dictionary","urls":{},"copyright":"","show_previous_next":false,"topics":{"dic34880":{"searchName":"Få orddefinisjoner ved hjelp av Ordbok","categories":["landing"],"name":"Få orddefinisjoner","href":"dic34880.html","summary":"Bruk Ordbok-programmet for å hente definisjoner av ord fra forskjellige kilder."}},"copyright_text":"Copyright © 2016 Apple Inc. Alle rettigheter forbeholdes."}