{"css":"","framework":"duck-10.1.1","title":"Ayuda de Diccionario","build_id":"57928649680ce2da44c2479a","quick_links":[],"icon":"..\/SharedGlobalArt\/AppIconDefault_Dictionary.png","sections":{},"birdseed_version":5,"toc":[],"locale":"es","version":"10.12","source_schema":"apd-schema","enable_tracking":false,"platform":"mac","build_date":"2016.07.22-14:06:07","landing":"dic34880","product":"dictionary","urls":{},"copyright":"","show_previous_next":false,"topics":{"dic34880":{"searchName":"Obtener definiciones de palabras usando Diccionario","categories":["landing"],"name":"Obtener definiciones de palabras","href":"dic34880.html","summary":"Utilice la app Diccionario para obtener definiciones de palabras desde diversas fuentes."}},"copyright_text":"Copyright © 2016 Apple Inc. Todos los derechos reservados."}