{"css":"","framework":"duck-10.1.1","title":"Ajuda do Dicionário","build_id":"5792864e680ce2da44c247ee","quick_links":[],"icon":"..\/SharedGlobalArt\/AppIconDefault_Dictionary.png","sections":{},"birdseed_version":5,"toc":[],"locale":"pt-pt","version":"10.12","source_schema":"apd-schema","enable_tracking":false,"platform":"mac","build_date":"2016.07.22-14:25:55","landing":"dic34880","product":"dictionary","urls":{},"copyright":"","show_previous_next":false,"topics":{"dic34880":{"searchName":"Obter definições de palavras utilizando o Dicionário","categories":["landing"],"name":"Obter definições de palavras","href":"dic34880.html","summary":"Use a aplicação Dicionário para obter definições de palavras de várias origens."}},"copyright_text":"Copyright © 2016 Apple Inc. Todos os direitos reservados."}