{"css":"","framework":"duck-10.1.1","title":"Bantuan Kamus","build_id":"5792864e680ce2da44c247e7","quick_links":[],"icon":"..\/SharedGlobalArt\/AppIconDefault_Dictionary.png","sections":{},"birdseed_version":5,"toc":[],"locale":"ms","version":"10.12","source_schema":"apd-schema","enable_tracking":false,"platform":"mac","build_date":"2016.07.22-14:19:00","landing":"dic34880","product":"dictionary","urls":{},"copyright":"","show_previous_next":false,"topics":{"dic34880":{"searchName":"Dapatkan definisi perkataan menggunakan Kamus","categories":["landing"],"name":"Dapatkan definisi perkataan","href":"dic34880.html","summary":"Gunakan aplikasi Kamus untuk mendapatkan definisi perkataan daripada pelbagai sumber."}},"copyright_text":"Hak Cipta © 2016 Apple Inc. Hak cipta terpelihara."}