{"css":"","framework":"duck-10.1.1","title":"Sanakirja-ohje","build_id":"57928648680ce2da44c24793","quick_links":[],"icon":"..\/SharedGlobalArt\/AppIconDefault_Dictionary.png","sections":{},"birdseed_version":5,"toc":[],"locale":"fi","version":"10.12","source_schema":"apd-schema","enable_tracking":false,"platform":"mac","build_date":"2016.07.22-14:12:22","landing":"dic34880","product":"dictionary","urls":{},"copyright":"","show_previous_next":false,"topics":{"dic34880":{"searchName":"Sanojen määritelmien katsominen Sanakirjasta","categories":["landing"],"name":"Hae sanojen merkitys","href":"dic34880.html","summary":"Käytä Sanakirjaa sanojen merkityksen hakemiseen eri lähteistä."}},"copyright_text":"Copyright © 2016 Apple Inc. Kaikki oikeudet pidätetään."}