{"css":"","framework":"duck-10.1.1","title":"Pomoć za Rječnik","build_id":"57928645680ce2da44c24762","quick_links":[],"icon":"..\/SharedGlobalArt\/AppIconDefault_Dictionary.png","sections":{},"birdseed_version":5,"toc":[],"locale":"hr","version":"10.12","source_schema":"apd-schema","enable_tracking":false,"platform":"mac","build_date":"2016.07.22-13:59:29","landing":"dic34880","product":"dictionary","urls":{},"copyright":"","show_previous_next":false,"topics":{"dic34880":{"searchName":"Pronađite definicije riječi koristeći Rječnik","categories":["landing"],"name":"Pronađite definicije riječi","href":"dic34880.html","summary":"Upotrijebite aplikaciju Rječnik kako biste iz različitih izvora pronašli definicije riječi."}},"copyright_text":"Autorsko pravo © 2016 Apple Inc. Sva prava pridržana."}