{"css":"","framework":"duck-10.1.1","title":"Pomoc Słownika","build_id":"5792864c680ce2da44c247c4","quick_links":[],"icon":"..\/SharedGlobalArt\/AppIconDefault_Dictionary.png","sections":{},"birdseed_version":5,"toc":[],"locale":"pl","version":"10.12","source_schema":"apd-schema","enable_tracking":false,"platform":"mac","build_date":"2016.07.22-14:22:39","landing":"dic34880","product":"dictionary","urls":{},"copyright":"","show_previous_next":false,"topics":{"dic34880":{"searchName":"Pobieranie definicji słowa za pomocą Słownika","categories":["landing"],"name":"Pobieranie definicji słów","href":"dic34880.html","summary":"Program Słownik pozwala pobierać definicje słów z różnych źródeł."}},"copyright_text":"Copyright © 2016 Apple Inc. Wszystkie prawa zastrzeżone."}