{"css":"","framework":"duck-10.1.1","title":"Aiuto Dizionario","build_id":"57928648680ce2da44c2478c","quick_links":[],"icon":"..\/SharedGlobalArt\/AppIconDefault_Dictionary.png","sections":{},"birdseed_version":5,"toc":[],"locale":"it","version":"10.12","source_schema":"apd-schema","enable_tracking":false,"platform":"mac","build_date":"2016.07.22-14:03:51","landing":"dic34880","product":"dictionary","urls":{},"copyright":"","show_previous_next":false,"topics":{"dic34880":{"searchName":"Ottenere definizioni di parole con Dizionario","categories":["landing"],"name":"Ottenere definizioni di parole","href":"dic34880.html","summary":"Utilizza l'app Dizionario per ottenere definizioni di parole da fonti diverse."}},"copyright_text":"Copyright © 2016 Apple Inc. Tutti i diritti riservati."}