{"css":"","framework":"duck-10.1.1","title":"辭典輔助說明","build_id":"5792864f680ce2da44c24803","quick_links":[],"icon":"..\/SharedGlobalArt\/AppIconDefault_Dictionary.png","sections":{},"birdseed_version":5,"toc":[],"locale":"zh-tw","version":"10.12","source_schema":"apd-schema","enable_tracking":false,"platform":"mac","build_date":"2016.07.22-14:22:19","landing":"dic34880","product":"dictionary","urls":{},"copyright":"","show_previous_next":false,"topics":{"dic34880":{"searchName":"使用「辭典」取得字詞的定義","categories":["landing"],"name":"取得單字定義","href":"dic34880.html","summary":"使用「辭典」App 來從各個來源取得單字的定義。"}},"copyright_text":"Copyright © 2016 Apple Inc.All rights reserved."}