{"css":"","framework":"duck-10.1.1","title":"Довідка Словника","build_id":"57928645680ce2da44c24754","quick_links":[],"icon":"..\/SharedGlobalArt\/AppIconDefault_Dictionary.png","sections":{},"birdseed_version":5,"toc":[],"locale":"uk","version":"10.12","source_schema":"apd-schema","enable_tracking":false,"platform":"mac","build_date":"2016.07.22-13:57:09","landing":"dic34880","product":"dictionary","urls":{},"copyright":"","show_previous_next":false,"topics":{"dic34880":{"searchName":"Отримання визначень слів у програмі «Словник»","categories":["landing"],"name":"Отримання визначень слів","href":"dic34880.html","summary":"Використовуйте програму «Словник» для отримання визначень слів із різних джерел."}},"copyright_text":"© 2016, Apple Inc. Усі права захищені."}