{"css":"","framework":"duck-10.1.1","title":"Hjælp til Ordbog","build_id":"57928646680ce2da44c24769","quick_links":[],"icon":"..\/SharedGlobalArt\/AppIconDefault_Dictionary.png","sections":{},"birdseed_version":5,"toc":[],"locale":"da","version":"10.12","source_schema":"apd-schema","enable_tracking":false,"platform":"mac","build_date":"2016.07.22-14:12:48","landing":"dic34880","product":"dictionary","urls":{},"copyright":"","show_previous_next":false,"topics":{"dic34880":{"searchName":"Få definitioner på ord vha. Ordbog","categories":["landing"],"name":"Få definitioner på ord","href":"dic34880.html","summary":"Brug programmet Ordbog til at få definitioner på ord fra forskellige kilder."}},"copyright_text":"Copyright © 2016 Apple Inc. Alle rettigheder forbeholdes."}