{"css":"","framework":"duck-10.1.1","title":"Ajuda Dicionário","build_id":"57928652680ce2da44c2481f","quick_links":[],"icon":"..\/SharedGlobalArt\/AppIconDefault_Dictionary.png","sections":{},"birdseed_version":5,"toc":[],"locale":"pt-br","version":"10.12","source_schema":"apd-schema","enable_tracking":false,"platform":"mac","build_date":"2016.07.22-14:16:08","landing":"dic34880","product":"dictionary","urls":{},"copyright":"","show_previous_next":false,"topics":{"dic34880":{"searchName":"Obter definições de palavras utilizando o Dicionário","categories":["landing"],"name":"Obtenha a definição de palavras","href":"dic34880.html","summary":"Use o aplicativo Dicionário para obter definições de palavras de várias fontes."}},"copyright_text":"Copyright © 2016 Apple Inc. Todos os direitos reservados."}