{"css":"","framework":"duck-10.1.1","title":"Ajutor Dicționar","build_id":"5792864c680ce2da44c247cb","quick_links":[],"icon":"..\/SharedGlobalArt\/AppIconDefault_Dictionary.png","sections":{},"birdseed_version":5,"toc":[],"locale":"ro","version":"10.12","source_schema":"apd-schema","enable_tracking":false,"platform":"mac","build_date":"2016.07.22-13:22:43","landing":"dic34880","product":"dictionary","urls":{},"copyright":"","show_previous_next":false,"topics":{"dic34880":{"searchName":"Aflarea definițiilor cuvintelor folosind Dicționar","categories":["landing"],"name":"Aflați definițiile cuvintelor","href":"dic34880.html","summary":"Utilizați aplicația Dicționar pentru a afla definiții ale cuvintelor din diverse surse."}},"copyright_text":"Copyright © 2016 Apple Inc. Toate drepturile rezervate."}