{"css":"","framework":"duck-10.1.1","title":"辞書ヘルプ","build_id":"5792864c680ce2da44c247d2","quick_links":[],"icon":"..\/SharedGlobalArt\/AppIconDefault_Dictionary.png","sections":{},"birdseed_version":5,"toc":[],"locale":"ja","version":"10.12","source_schema":"apd-schema","enable_tracking":false,"platform":"mac","build_date":"2016.07.22-14:10:30","landing":"dic34880","product":"dictionary","urls":{},"copyright":"","show_previous_next":false,"topics":{"dic34880":{"searchName":"「辞書」を使って単語の定義を取得する","categories":["landing"],"name":"単語の定義を取得する","href":"dic34880.html","summary":"「辞書」アプリケーションを使ってさまざまなソースから単語の定義を取得します。"}},"copyright_text":"Copyright © 2016 Apple Inc.All rights reserved."}