{"css":"","framework":"duck-10.1.1","title":"Pomocník pre Slovník","build_id":"57928647680ce2da44c24777","quick_links":[],"icon":"..\/SharedGlobalArt\/AppIconDefault_Dictionary.png","sections":{},"birdseed_version":5,"toc":[],"locale":"sk","version":"10.12","source_schema":"apd-schema","enable_tracking":false,"platform":"mac","build_date":"2016.07.22-14:09:05","landing":"dic34880","product":"dictionary","urls":{},"copyright":"","show_previous_next":false,"topics":{"dic34880":{"searchName":"Získanie definícií slov s použitím Slovníka","categories":["landing"],"name":"Získajte definície slov","href":"dic34880.html","summary":"Pomocou aplikácie Slovník môžete získať definície slov z rôznych zdrojov."}},"copyright_text":"Copyright © 2016 Apple Inc. Všetky práva vyhradené."}