{"css":"","framework":"duck-10.1.1","title":"Dictionary Help","build_id":"578405550946225d0bf9b28b","quick_links":[],"icon":"..\/SharedGlobalArt\/AppIconDefault_Dictionary.png","sections":{},"birdseed_version":5,"toc":[],"locale":"en","version":"10.12","source_schema":"apd-schema","enable_tracking":false,"collect_feedback":true,"platform":"mac","build_date":"2016.07.11-13:56:25","landing":"dic34880","product":"dictionary","urls":{},"copyright":"","show_previous_next":false,"topics":{"dic34880":{"searchName":"Get definitions of words using Dictionary","categories":["landing"],"name":"Get definitions of words","href":"dic34880.html","summary":"Use the Dictionary app to get definitions of words from various sources."}},"copyright_text":"Copyright © 2016 Apple Inc. All rights reserved."}