{"css":"","framework":"duck-10.1.1","title":"Bantuan Kamus","build_id":"5792864e680ce2da44c247f5","quick_links":[],"icon":"..\/SharedGlobalArt\/AppIconDefault_Dictionary.png","sections":{},"birdseed_version":5,"toc":[],"locale":"id","version":"10.12","source_schema":"apd-schema","enable_tracking":false,"platform":"mac","build_date":"2016.07.22-14:13:53","landing":"dic34880","product":"dictionary","urls":{},"copyright":"","show_previous_next":false,"topics":{"dic34880":{"searchName":"Mendapatkan definisi kata menggunakan Kamus","categories":["landing"],"name":"Mendapatkan definisi kata","href":"dic34880.html","summary":"Gunakan app Kamus untuk mendapatkan definisi kata dari beragam sumber."}},"copyright_text":"Hak Cipta © 2016 Apple Inc. Semua hak cipta dilindungi undang-undang."}