{"css":"","framework":"duck-10.1.1","title":"مساعدة القاموس","build_id":"57928650680ce2da44c24811","quick_links":[],"icon":"..\/SharedGlobalArt\/AppIconDefault_Dictionary.png","sections":{},"birdseed_version":5,"toc":[],"locale":"ar","version":"10.12","source_schema":"apd-schema","enable_tracking":false,"platform":"mac","build_date":"2016.07.22-14:29:12","landing":"dic34880","product":"dictionary","urls":{},"copyright":"","show_previous_next":false,"topics":{"dic34880":{"searchName":"الحصول على تعريفات الكلمات باستخدام القاموس","categories":["landing"],"name":"الحصول على تعريفات الكلمات","href":"dic34880.html","summary":"استخدم تطبيق القاموس للحصول على تعريفات الكلمات من مصادر متنوعة."}},"copyright_text":"‏‎Copyright © 2016 Apple Inc.‎ كافة الحقوق محفوظة."}