{"css":"","framework":"duck-10.1.1","title":"Trợ giúp Từ điển","build_id":"57928648680ce2da44c24785","quick_links":[],"icon":"..\/SharedGlobalArt\/AppIconDefault_Dictionary.png","sections":{},"birdseed_version":5,"toc":[],"locale":"vi","version":"10.12","source_schema":"apd-schema","enable_tracking":false,"platform":"mac","build_date":"2016.07.22-14:16:05","landing":"dic34880","product":"dictionary","urls":{},"copyright":"","show_previous_next":false,"topics":{"dic34880":{"searchName":"Lấy định nghĩa của từ bằng Từ điển","categories":["landing"],"name":"Lấy định nghĩa của từ","href":"dic34880.html","summary":"Sử dụng ứng dụng Từ điển để lấy định nghĩa của từ từ nhiều nguồn khác nhau."}},"copyright_text":"Bản quyền © 2016 Apple Inc. Mọi quyền được bảo lưu."}