{"css":"","framework":"duck-10.1.1","title":"วิธีใช้พจนานุกรม","build_id":"5792864f680ce2da44c2480a","quick_links":[],"icon":"..\/SharedGlobalArt\/AppIconDefault_Dictionary.png","sections":{},"birdseed_version":5,"toc":[],"locale":"th","version":"10.12","source_schema":"apd-schema","enable_tracking":false,"platform":"mac","build_date":"2016.07.22-14:12:48","landing":"dic34880","product":"dictionary","urls":{},"copyright":"","show_previous_next":false,"topics":{"dic34880":{"searchName":"รับคำจำกัดความของคำโดยใช้พจนานุกรม","categories":["landing"],"name":"รับคำจำกัดความของคำ","href":"dic34880.html","summary":"ใช้แอปพจนานุกรมเพื่อรับคำจำกัดความของคำจากแหล่งข้อมูลหลายแห่ง"}},"copyright_text":"ลิขสิทธิ์ © 2016 Apple Inc.สงวนลิขสิทธิ์"}