{"css":"","framework":"duck-10.1.1","title":"사전 도움말","build_id":"5792864f680ce2da44c247fc","quick_links":[],"icon":"..\/SharedGlobalArt\/AppIconDefault_Dictionary.png","sections":{},"birdseed_version":5,"toc":[],"locale":"ko","version":"10.12","source_schema":"apd-schema","enable_tracking":false,"platform":"mac","build_date":"2016.07.22-13:26:55","landing":"dic34880","product":"dictionary","urls":{},"copyright":"","show_previous_next":false,"topics":{"dic34880":{"searchName":"사전을 사용하여 단어 정의 보기","categories":["landing"],"name":"단어 정의 보기","href":"dic34880.html","summary":"여러 소스로부터 단어 정의를 보려면 사전 앱을 사용합니다."}},"copyright_text":"Copyright © 2016 Apple Inc. 모든 권리 보유."}