{"css":"","framework":"duck-10.1.1","title":"Woordenboek Help","build_id":"5792864d680ce2da44c247e0","quick_links":[],"icon":"..\/SharedGlobalArt\/AppIconDefault_Dictionary.png","sections":{},"birdseed_version":5,"toc":[],"locale":"nl","version":"10.12","source_schema":"apd-schema","enable_tracking":false,"platform":"mac","build_date":"2016.07.22-14:32:30","landing":"dic34880","product":"dictionary","urls":{},"copyright":"","show_previous_next":false,"topics":{"dic34880":{"searchName":"Definities van woorden opzoeken met Woordenboek","categories":["landing"],"name":"Definities van woorden opzoeken","href":"dic34880.html","summary":"Met het programma Woordenboek kunt u in diverse bronnen definities van woorden opzoeken."}},"copyright_text":"Copyright © 2016 Apple Inc. Alle rechten voorbehouden."}