{"css":"","framework":"duck-10.1.1","title":"Lexikon-Hilfe","build_id":"579293f8680ce25121c24416","quick_links":[],"icon":"..\/SharedGlobalArt\/AppIconDefault_Dictionary.png","sections":{},"birdseed_version":5,"toc":[],"locale":"de","version":"10.12","source_schema":"apd-schema","enable_tracking":false,"platform":"mac","build_date":"2016.07.22-17:00:50","landing":"dic34880","product":"dictionary","urls":{},"copyright":"","show_previous_next":false,"topics":{"dic34880":{"searchName":"Nachschlagen von Definitionen für Wörter im Lexikon","categories":["landing"],"name":"Nachschlagen von Definitionen für Wörter","href":"dic34880.html","summary":"Schlagen Sie mit der App „Lexikon“ Definitionen für Wörter in verschiedenen Quellen nach."}},"copyright_text":"Copyright © 2016 Apple Inc. Alle Rechte vorbehalten."}