{"css":"","framework":"duck-10.1.1","title":"עזרה בנושא המילון","build_id":"5792864a680ce2da44c247af","quick_links":[],"icon":"..\/SharedGlobalArt\/AppIconDefault_Dictionary.png","sections":{},"birdseed_version":5,"toc":[],"locale":"he","version":"10.12","source_schema":"apd-schema","enable_tracking":false,"platform":"mac","build_date":"2016.07.22-14:07:11","landing":"dic34880","product":"dictionary","urls":{},"copyright":"","show_previous_next":false,"topics":{"dic34880":{"searchName":"קבלת הגדרות של מילים באמצעות ״מילון״","categories":["landing"],"name":"קבל\/י הגדרות של מילים","href":"dic34880.html","summary":"השתמש\/י ביישום ״מילון״ כדי לקבל הגדרות למילים ממקורות שונים."}},"copyright_text":"Copyright © 2016 Apple בע״מ. כל הזכויות שמורות."}