{"css":"","framework":"duck-10.1.1","title":"A Szótár súgója","build_id":"5792864a680ce2da44c247a8","quick_links":[],"icon":"..\/SharedGlobalArt\/AppIconDefault_Dictionary.png","sections":{},"birdseed_version":5,"toc":[],"locale":"hu","version":"10.12","source_schema":"apd-schema","enable_tracking":false,"platform":"mac","build_date":"2016.07.22-14:19:22","landing":"dic34880","product":"dictionary","urls":{},"copyright":"","show_previous_next":false,"topics":{"dic34880":{"searchName":"Szavak definícióinak beszerzése a Szótár segítségével","categories":["landing"],"name":"Szavak definíciójának lekérése","href":"dic34880.html","summary":"A Szótár alkalmazással különböző forrásokból kérheti le a szavak definícióját."}},"copyright_text":"Copyright © 2016 Apple Inc. Minden jog fenntartva."}